<?xml version="1.0"?>
<doc>
    <assembly>
        <name>oscript-simple-gui</name>
    </assembly>
    <members>
        <member name="T:oscriptGUI.DataTableProvider">
            <summary>
            Провайдер для данных ТаблицаФормы. Пока что поддерживается только ТаблицаЗначений.
            </summary>
        </member>
        <member name="P:oscriptGUI.DataTableProvider.Source">
            <summary>
            Данные для отображения.
            </summary>
        </member>
        <member name="T:oscriptGUI.FormFieldType">
            <summary>
            Вид поля формы
            </summary>
        </member>
        <member name="P:oscriptGUI.FormFieldType.InputField">
            <summary>
                Однострочное, текстовое поле
            </summary>
            <remarks>
                <name>ПолеВвода</name>
                <name_en>InputField</name_en>
            </remarks>
        </member>
        <member name="P:oscriptGUI.FormFieldType.ProgressBarField">
            <summary>
            ProgressBar
            </summary>
        </member>
        <member name="P:oscriptGUI.FormFieldType.CalendarField">
            <summary>
            Поле для выбора даты/времени
            </summary>
        </member>
        <member name="P:oscriptGUI.FormFieldType.LabelField">
            <summary>
            Надпись
            </summary>
        </member>
        <member name="P:oscriptGUI.FormFieldType.CheckBoxField">
            <summary>
            Флажок
            </summary>
        </member>
        <member name="P:oscriptGUI.FormFieldType.TextDocumentField">
            <summary>
            Многострочный текст
            </summary>
        </member>
        <member name="P:oscriptGUI.FormFieldType.ComboBox">
            <summary>
            Поле со списком
            </summary>
        </member>
        <member name="P:oscriptGUI.FormFieldType.ListBox">
            <summary>
            Поле списка
            </summary>
        </member>
        <member name="T:oscriptGUI.FormTable">
            <summary>
            Элемент управляемой формы, предназначенный для отображения реквизитов формы табличных типов.
            </summary>
        </member>
        <member name="M:oscriptGUI.FormTable.getBaseControl">
            <summary>
            Возвращает основной контейнер элемента (Panel на котором лежит сам контрол и декорация к нему)
            </summary>
            <returns>Control - Panel</returns>
        </member>
        <member name="P:oscriptGUI.FormTable.Name">
            <summary>
            Имя элемента
            </summary>
        </member>
        <member name="P:oscriptGUI.FormTable.Visible">
            <summary>
            Управление видимостью
            </summary>
        </member>
        <member name="P:oscriptGUI.FormTable.Enabled">
            <summary>
            Управление доступностью
            </summary>
        </member>
        <member name="P:oscriptGUI.FormTable.Title">
            <summary>
            Заголовок к полю. Пустая строка означает автоматическое определение. Для отключения вывода заголовка следует установить свойство ПоложениеЗаголовка в значение Нет.
            </summary>
        </member>
        <member name="P:oscriptGUI.FormTable.TitleLocation">
            <summary>
            Определяет положение заголовка относительно поля в макете формы. 
            Следует заметить, что для отключения вывода заголовка следует установить это свойство в значение Нет. 
            Свойство Заголовок, содержащее пустую строку, означает автоматическое определение заголовка, а не ее отключение.
            </summary>
            <value>ПоложениеЗаголовкаЭлементаФормы</value>
        </member>
        <member name="P:oscriptGUI.FormTable.Parent">
            <summary>
            Содержит ссылку на родительский элемент. <see cref="T:oscriptGUI.FormGroup"/>
            </summary>
            <value>ГруппаФормы, Форма</value>
        </member>
        <member name="M:oscriptGUI.FormTable.setAction(ScriptEngine.Machine.IRuntimeContextInstance,System.String,System.String)">
            <summary>
            Установить обработчик события
            Возможные события:
            - ПриПотереФокусаЯчейки - Обработка события изменения значения
            - ПриВыборе - При нажатии Enter
            - ПриДвойномКлике - Обработка двойного клика
            </summary>
            <param name="contex">Ссылка на скрипт в котором находится обработчик события</param>
            <param name="eventName">Имя обрабатываемого события.</param>
            <param name="methodName">Имя метода обработчика события</param>
            <example>
            Поле1.УстановитьДействие(ЭтотОбъект, "ПриПотереФокусаЯчейки", "ПриПотереФокусаЯчейки");
            Поле1.УстановитьДействие(ЭтотОбъект, "ПриДвойномКлике", "ПриДвойномКлике");
            Поле1.УстановитьДействие(ЭтотОбъект, "ПриВыборе", "ПриВыборе");
            </example>
        </member>
        <member name="M:oscriptGUI.FormTable.GetAction(System.String)">
            <summary>
            Получает имя установленного обработчика события.
            </summary>
            <param name="eventName">Имя события</param>
            <returns>Имя метода обработчика события</returns>
            <example>
            Форма.УстановитьДействие(ЭтотОбъект, "ПриВыборе", "ПриВыбореЯчейки");
            Форма.ПолучитьДействие("ПриВыборе");
            // вернет: "ПриВыбореЯчейки"
            </example>
        </member>
        <member name="P:oscriptGUI.FormTable.Height">
            <summary>
            Высота
            </summary>
        </member>
        <member name="P:oscriptGUI.FormTable.Width">
            <summary>
            Ширина
            </summary>
        </member>
        <member name="P:oscriptGUI.FormTable.AutoSize">
            <summary>
            Автоматический размер
            </summary>
        </member>
        <member name="P:oscriptGUI.FormTable.Dock">
            <summary>
            Вариант закрепления. <see cref="T:oscriptGUI.FormControlDockStyle"/>
            </summary>
            <value>СтильЗакрепления</value>
        </member>
        <member name="P:oscriptGUI.FormTable.DataPath">
            <summary>
            Провайдер с данными.
            </summary>
        </member>
        <member name="P:oscriptGUI.FormTable.SelectedRows">
            <summary>
            Содержит массив номеров выделенных строк.
            </summary>
            <value>ArrayImpl</value>
        </member>
        <member name="P:oscriptGUI.FormTable.CurrentRow">
            <summary>
            Номер текущей строки таблицы.
            </summary>
        </member>
        <member name="P:oscriptGUI.FormTable.CurrentData">
            <summary>
            Представляет доступ к текущим данным (данным текущей строки).
            </summary>
        </member>
        <member name="M:oscriptGUI.FormTable.Refresh">
            <summary>
            Обновляет данные в таблице.
            </summary>
        </member>
        <member name="P:oscriptGUI.FormTable.Columns">
            <summary>
            Колонки таблицы.
            </summary>
            <value>Массив <see cref="T:oscriptGUI.FormTableColumn"/></value>
        </member>
        <member name="P:oscriptGUI.FormTable.CurrentItem">
            <summary>
            Текущее поле в таблице.
            </summary>
        </member>
        <member name="T:oscriptGUI.FormTableColumn">
            <summary>
            Колонка элемента ТаблицаФормы
            </summary>
        </member>
        <member name="P:oscriptGUI.FormTableColumn.Width">
            <summary>
            Ширина
            </summary>
        </member>
        <member name="P:oscriptGUI.FormTableColumn.Visible">
            <summary>
            Видимость
            </summary>
        </member>
        <member name="P:oscriptGUI.FormTableColumn.Title">
            <summary>
            Заголовок
            </summary>
        </member>
        <member name="P:oscriptGUI.FormTableColumn.Index">
            <summary>
            Номер колонки
            </summary>
        </member>
        <member name="T:oscriptGUI.ManagedInterface">
            <summary>
            Фабрика для работы с формами
            </summary>
        </member>
        <member name="P:oscriptGUI.ManagedInterface.version">
            <summary>
            Номер версии библиотеки
            </summary>
        </member>
        <member name="P:oscriptGUI.ManagedInterface.FormControlDockStyle">
            <summary>
            Системное перечисление. Вариант закрепления. <see cref="P:oscriptGUI.ManagedInterface.FormControlDockStyle"/>
            </summary>
            <value>СтильЗакрепления</value>
        </member>
        <member name="P:oscriptGUI.ManagedInterface.FormFieldType">
            <summary>
            Системное перечисление.
            </summary>
            <value>ВидПоляФормы</value>
        </member>
        <member name="P:oscriptGUI.ManagedInterface.FormGroupType">
            <summary>
            Системное перечисление.
            </summary>
            <value>ВидГруппыФормы</value>
        </member>
        <member name="P:oscriptGUI.ManagedInterface.TitleLocation">
            <summary>
            Системное перечисление.
            </summary>
            <value>ПоложениеЗаголовка</value>
        </member>
        <member name="M:oscriptGUI.ManagedInterface.CreateForm">
            <summary>
            Создать форму
            </summary>
            <returns>УправляемаяФорма</returns>
        </member>
        <member name="T:oscriptGUI.FormField">
            <summary>
            Предназначен для отображения и редактирования реквизитов формы.
            </summary>
        </member>
        <member name="M:oscriptGUI.FormField.getBaseControl">
            <summary>
            Возвращает основной контейнер элемента (Panel на котором лежит сам контрол и декорация к нему)
            </summary>
            <returns>Control - Panel</returns>
        </member>
        <member name="P:oscriptGUI.FormField.Value">
            <summary>
            Значение элемента формы.
            </summary>
            <value>Строка, Дата, Число</value>
        </member>
        <member name="P:oscriptGUI.FormField.ControlType">
            <summary>
            Определяет способ представления данных реквизита в форме.
            </summary>
            <value>ВидПоляФормы</value>
        </member>
        <member name="P:oscriptGUI.FormField.Name">
            <summary>
            Имя элемента
            </summary>
        </member>
        <member name="P:oscriptGUI.FormField.Visible">
            <summary>
            Управление видимостью
            </summary>
        </member>
        <member name="P:oscriptGUI.FormField.Enabled">
            <summary>
            Управление доступностью
            </summary>
        </member>
        <member name="P:oscriptGUI.FormField.Title">
            <summary>
            Заголовок к полю. Пустая строка означает автоматическое определение. Для отключения вывода заголовка следует установить свойство ПоложениеЗаголовка в значение Нет.
            </summary>
        </member>
        <member name="P:oscriptGUI.FormField.TitleLocation">
            <summary>
            Определяет положение заголовка относительно поля в макете формы. 
            Следует заметить, что для отключения вывода заголовка следует установить это свойство в значение Нет. 
            Свойство Заголовок, содержащее пустую строку, означает автоматическое определение заголовка, а не ее отключение.
            </summary>
            <value>ПоложениеЗаголовкаЭлементаФормы</value>
        </member>
        <member name="P:oscriptGUI.FormField.ChoiceList">
            <summary>
            Установка / получение списка выбора для ПолеСоСписком, ПолеСписка
            </summary>
            <value>Соответствие</value>
        </member>
        <member name="P:oscriptGUI.FormField.Parent">
            <summary>
            Содержит ссылку на родительский элемент. <see cref="T:oscriptGUI.FormGroup"/>
            </summary>
            <value>ГруппаФормы, Форма</value>
        </member>
        <member name="P:oscriptGUI.FormField.ReadOnly">
            <summary>
            Содержит признак возможности/невозможности редактирования отображаемых данных.
            </summary>
        </member>
        <member name="M:oscriptGUI.FormField.setAction(ScriptEngine.Machine.IRuntimeContextInstance,System.String,System.String)">
            <summary>
            Установить обработчик события
            Возможные события:
            - ПриИзменении - Обработка события изменения значения
            - ПриВыборе - При нажатии Enter
            - ПриДвойномКлике - Обработка двойного клика (Событие только для ListBox)
            </summary>
            <param name="contex">Ссылка на скрипт в котором находится обработчик события</param>
            <param name="eventName">Имя обрабатываемого события.</param>
            <param name="methodName">Имя метода обработчика события</param>
            <example>
             ПолеФормы1.УстановитьДействие(ЭтотОбъект, "ПриИзменении", "ПриИзмененииПолеФормы1");
            </example>
        </member>
        <member name="M:oscriptGUI.FormField.GetAction(System.String)">
            <summary>
            Получает имя установленного обработчика события.
            </summary>
            <param name="eventName">Имя события</param>
            <returns>Имя метода обработчика события</returns>
            <example>
            Форма.УстановитьДействие(ЭтотОбъект, "ПриОткрытии", "ПриОткрытииФормы");
            Форма.ПолучитьДействие("ПриОткрытии");
            // вернет: "ПриОткрытииФормы"
            </example>
        </member>
        <member name="P:oscriptGUI.FormField.Height">
            <summary>
            Высота
            </summary>
        </member>
        <member name="P:oscriptGUI.FormField.Width">
            <summary>
            Ширина
            </summary>
        </member>
        <member name="P:oscriptGUI.FormField.AutoSize">
            <summary>
            Автоматический размер
            </summary>
        </member>
        <member name="P:oscriptGUI.FormField.Dock">
            <summary>
            Вариант закрепления. <see cref="T:oscriptGUI.FormControlDockStyle"/>
            </summary>
            <value>СтильЗакрепления</value>
        </member>
        <member name="T:oscriptGUI.FormGroup">
            <summary>
            Элемент формы, предназначенный для визуальной и/или логической группировки элементов.
            </summary>
        </member>
        <member name="M:oscriptGUI.FormGroup.#ctor(System.Windows.Forms.Control)">
            <summary>
            Конструктор
            </summary>
            <param name="parentCntrl"></param>
        </member>
        <member name="M:oscriptGUI.FormGroup.getControl">
            <summary>
            Получение ссылки на элемент формы.
            </summary>
            <returns></returns>
        </member>
        <member name="P:oscriptGUI.FormGroup.Parent">
            <summary>
            Содержит ссылку на родительский элемент. <see cref="T:oscriptGUI.FormGroup"/>
            </summary>
            <value>ГруппаФормы, Форма</value>
        </member>
        <member name="P:oscriptGUI.FormGroup.Name">
            <summary>
            Имя группы
            </summary>
        </member>
        <member name="P:oscriptGUI.FormGroup.Visible">
            <summary>
            Управление видимостью
            </summary>
        </member>
        <member name="P:oscriptGUI.FormGroup.Enabled">
            <summary>
            Управление доступностью
            </summary>
        </member>
        <member name="P:oscriptGUI.FormGroup.Title">
            <summary>
            Заголовок к группе. Пустая строка означает автоматическое формирование.
            </summary>
        </member>
        <member name="P:oscriptGUI.FormGroup.ControlType">
            <summary>
            Определяет способ представления группы в форме.
            </summary>
            <value>ВидГруппыФормы</value>
        </member>
        <member name="P:oscriptGUI.FormGroup.Items">
            <summary>
            Содержит коллекцию подчиненных элементов группы.
            </summary>
            <value>Элементы</value>
        </member>
        <member name="M:oscriptGUI.FormGroup.createFormFieldByType">
            Методы обработки свойств
        </member>
        <member name="M:oscriptGUI.FormGroup.setAction(ScriptEngine.Machine.IRuntimeContextInstance,System.String,System.String)">
            <summary>
            Обработка событий не предусмотрена
            </summary>
        </member>
        <member name="M:oscriptGUI.FormGroup.GetAction(System.String)">
            <summary>
            Обработка событий не предусмотрена
            </summary>
        </member>
        <member name="P:oscriptGUI.FormGroup.Height">
            <summary>
            Высота
            </summary>
        </member>
        <member name="P:oscriptGUI.FormGroup.Width">
            <summary>
            Ширина
            </summary>
        </member>
        <member name="P:oscriptGUI.FormGroup.AutoSize">
            <summary>
            Автоматический размер
            </summary>
        </member>
        <member name="P:oscriptGUI.FormGroup.Dock">
            <summary>
            Вариант закрепления. <see cref="T:oscriptGUI.FormControlDockStyle"/>
            </summary>
            <value>СтильЗакрепления</value>
        </member>
        <member name="T:oscriptGUI.ManagedForm">
            <summary>
            Основной контейнер для отображения.
            Используется для доступа к свойствам, методам и событиям управляемой формы в целом, а также к коллекции ее элементов управления. 
            </summary>
        </member>
        <member name="P:oscriptGUI.ManagedForm.FormFieldType">
            <summary>
            Системное перечисление
            </summary>
            <value>ВидПоляФормы</value>
        </member>
        <member name="P:oscriptGUI.ManagedForm.FormGroupType">
            <summary>
            Системное перечисление
            </summary>
            <value>ВидГруппыФормы</value>
        </member>
        <member name="P:oscriptGUI.ManagedForm.TitleLocation">
            <summary>
            Системное перечисление
            </summary>
            <value>ПоложениеЗаголовкаЭлементаФормы</value>
        </member>
        <member name="P:oscriptGUI.ManagedForm.Caption">
            <summary>
            Заголовок формы
            </summary>
        </member>
        <member name="P:oscriptGUI.ManagedForm.Parent">
            <summary>
            Родитель формы. Всегда Неопределено
            </summary>
        </member>
        <member name="P:oscriptGUI.ManagedForm.Name">
            <summary>
            Имя формы
            </summary>
        </member>
        <member name="M:oscriptGUI.ManagedForm.Show">
            <summary>
            Показать форму (показывает модально)
            </summary>
        </member>
        <member name="M:oscriptGUI.ManagedForm.ShowNotModal">
            <summary>
            Используется для прохождения тестов. Если открывать не модально сразу закроется и будут доступны другие методы
            </summary>
        </member>
        <member name="M:oscriptGUI.ManagedForm.Close">
            <summary>
            Закрыть форму
            </summary>
        </member>
        <member name="P:oscriptGUI.ManagedForm.Items">
            <summary>
            Содержит коллекцию подчиненных элементов группы.
            </summary>
            <value>Элементы</value>
        </member>
        <member name="P:oscriptGUI.ManagedForm.AutoSize">
            <summary>
            Автоматический размер
            </summary>
        </member>
        <member name="P:oscriptGUI.ManagedForm.Height">
            <summary>
            Высота
            </summary>
        </member>
        <member name="P:oscriptGUI.ManagedForm.Width">
            <summary>
            Ширина
            </summary>
        </member>
        <member name="M:oscriptGUI.ManagedForm.setAction(ScriptEngine.Machine.IRuntimeContextInstance,System.String,System.String)">
            <summary>
            Установить обработчик события.
            Возможные события:
            - ПриОткрытии - При первом открытии формы
            - ПриЗакрытии - При закрытии формы
            </summary>
            <param name="contex">Ссылка на скрипт в котором находится обработчик события</param>
            <param name="eventName">Имя обрабатываемого события</param>
            <param name="methodName">Имя метода обработчика события</param>
            <example>
             Форма.УстановитьДействие(ЭтотОбъект, "ПриОткрытии", "ПриОткрытииФормы");
            </example>
        </member>
        <member name="M:oscriptGUI.ManagedForm.GetAction(System.String)">
            <summary>
            Получает имя установленного обработчика события.
            </summary>
            <param name="eventName">Имя события</param>
            <returns>Имя метода обработчика события</returns>
            <example>
            Форма.УстановитьДействие(ЭтотОбъект, "ПриОткрытии", "ПриОткрытииФормы");
            Форма.ПолучитьДействие("ПриОткрытии");
            // вернет: "ПриОткрытииФормы"
            </example>
        </member>
        <member name="P:oscriptGUI.ManagedForm.Dock">
            <summary>
            Неиспользуется. Создан для реализации интерфейса
            </summary>
        </member>
        <member name="P:oscriptGUI.ManagedForm.CurrentItem">
            <summary>
            Устанавливает текущий активный элемент формы.
            </summary>
            <value>ПолеФормы, ГруппаФормы, КнопкаФормы</value>
        </member>
        <member name="T:oscriptGUI.Elements">
            <summary>
            Содержит коллекцию подчиненных элементов.
            </summary>
        </member>
        <member name="M:oscriptGUI.Elements.Count">
            <summary>
            Получает количество элементов коллекции.
            </summary>
            <returns><typeparam name="Число"></typeparam></returns>
        </member>
        <member name="M:oscriptGUI.Elements.Find(System.String)">
            <summary>
            Осуществляет поиск элемента управления с заданным именем.
            </summary>
        </member>
        <member name="M:oscriptGUI.Elements.Delete(ScriptEngine.Machine.IValue)">
            <summary>
            Удаляет элемент из коллекции.
            </summary>
            <param name="Element"><see cref="T:oscriptGUI.FormButton"/>, <see cref="T:oscriptGUI.FormField"/>, <see cref="T:oscriptGUI.FormGroup"/> Удаляемый элемент.</param>
        </member>
        <member name="M:oscriptGUI.Elements.Move(ScriptEngine.Machine.IValue,ScriptEngine.Machine.IValue,ScriptEngine.Machine.IValue)">
            <summary>
            Перемещает элемент коллекции.
            </summary>
            <param name="Element">Перемещаемый элемент.</param>
            <param name="ParentElement">Новый родитель элемента. Может совпадать со старым.</param>
            <param name="BeforeElement">Элемент, перед которым нужно разместить перемещаемый элемент. Если не задан, то перемещается в конец коллекции.</param>
        </member>
        <member name="M:oscriptGUI.Elements.add(System.String,System.String,ScriptEngine.Machine.IValue)">
            <summary>
            Вставляет элемент в коллекцию элементов.
            </summary>
            <param name="ElementName">Уникальное имя добавляемого элемента.</param>
            <param name="ElementType">Тип добавляемого элемента.</param>
            <param name="ElementParent">Родитель для добавляемого элемента. Если не указан, то вставляется на верхний уровень.</param>
            <returns>Ссылка на созданый элемент <see cref="T:oscriptGUI.FormField"/>, <see cref="T:oscriptGUI.FormButton"/>, <see cref="T:oscriptGUI.FormGroup"/></returns>
        </member>
        <member name="M:oscriptGUI.FormButton.setAction(ScriptEngine.Machine.IRuntimeContextInstance,System.String,System.String)">
            <summary>
            Установить обработчик события.
            Возможные события:
            - Нажатие - Нажатие на кнопку
            </summary>
            <param name="contex">Ссылка на скрипт в котором находится обработчик события</param>
            <param name="eventName">Имя обрабатываемого события</param>
            <param name="methodName">Имя метода обработчика события</param>
            <example>
             Форма.УстановитьДействие(ЭтотОбъект, "ПриОткрытии", "ПриОткрытииФормы");
            </example>
        </member>
        <member name="M:oscriptGUI.FormButton.GetAction(System.String)">
            <summary>
            Получает имя установленного обработчика события.
            </summary>
            <param name="eventName">Имя события</param>
            <returns>Имя метода обработчика события</returns>
            <example>
            Форма.УстановитьДействие(ЭтотОбъект, "ПриОткрытии", "ПриОткрытииФормы");
            Форма.ПолучитьДействие("ПриОткрытии");
            // вернет: "ПриОткрытииФормы"
            </example>
        </member>
        <member name="P:oscriptGUI.FormButton.Parent">
            <summary>
            Содержит ссылку на родительский элемент. <see cref="T:oscriptGUI.FormGroup"/>
            </summary>
            <value>ГруппаФормы, Форма</value>
        </member>
        <member name="P:oscriptGUI.FormButton.Name">
            <summary>
            Уникальное имя элемента
            </summary>
        </member>
        <member name="P:oscriptGUI.FormButton.Visible">
            <summary>
            Управление видимостью кнопки
            </summary>
        </member>
        <member name="P:oscriptGUI.FormButton.Enabled">
            <summary>
            Управление доступностью
            </summary>
        </member>
        <member name="P:oscriptGUI.FormButton.Title">
            <summary>
            Надпись на кнопке
            </summary>
        </member>
        <member name="P:oscriptGUI.FormButton.Height">
            <summary>
            Высота кнопки
            </summary>
        </member>
        <member name="P:oscriptGUI.FormButton.Width">
            <summary>
            Ширина кнопки
            </summary>
        </member>
        <member name="P:oscriptGUI.FormButton.AutoSize">
            <summary>
            Автоматический размер
            </summary>
        </member>
        <member name="P:oscriptGUI.FormButton.Dock">
            <summary>
            Вариант закрепления. <see cref="T:oscriptGUI.FormControlDockStyle"/>
            </summary>
            <value>СтильЗакрепления</value>
        </member>
        <member name="T:oscriptGUI.ManagedGUI">
            <summary>
            Фабрика для работы с формами
            </summary>
        </member>
        <member name="P:oscriptGUI.ManagedGUI.version">
            <summary>
            Номер версии библиотеки
            </summary>
        </member>
        <member name="M:oscriptGUI.ManagedGUI.CreateForm">
            <summary>
            Создать форму
            </summary>
            <returns><see>SimpleForm</see> Возращает форму</returns>
        </member>
    </members>
</doc>
